,,Wet Ones,,,
rating,description,4moms,discount_price,shipping_description,review
,"4moms Origami Stroller, Black/ Silver",4moms,$849.00,FREE Shipping on orders over $35,47
,"4Moms Mamaroo Bouncer, Grey Classic",4moms,$239.00,FREE Shipping on orders over $35,308
,"4Moms Mamaroo Bouncer, Grey Classic",Albolene,$239.00,FREE Shipping on orders over $35,308
4.5 out of 5 stars,"Albolene Moisturizing Cleanser, 12oz",AmazonBasics,$13.05,FREE Shipping on orders over $35,793
,AmazonBasics Cotton Washcloths - 24-Pack White,AriaStarrBeauty,$12.95,FREE Shipping on orders over $35,19
4.7 out of 5 stars,"Aria Starr Beauty Dead Sea Mud Mask For Face, Acne, Oily Skin & Blackheads - Best Facial Pore Minimizer, Reducer...",Aspen Kay Naturals,$14.95,FREE Shipping on orders over $35,819
4.6 out of 5 stars,Dead Sea Mud Soap Bar 100% Organic & Natural. With Activated Charcoal & Therapeutic Grade Essential Oils. Face...,Aveeno,$8.99,FREE Shipping on orders over $35,450
4.6 out of 5 stars,"Aveeno Eczema Therapy Moisturizing Cream, 7.3 oz.",Aveeno,$11.09,FREE Shipping on orders over $35,1020
4.7 out of 5 stars,"Aveeno Active Naturals Daily Moisturizing Body Wash with Natural Oatmeal, 18 Ounce",Avene,$6.26,FREE Shipping on orders over $35,251
4.6 out of 5 stars,"Avene Thermal Spring water spray 300 ml, 10.58 -Ounce Package",Aztec Secret,$14.37,FREE Shipping on orders over $35,686
4.5 out of 5 stars,"Aztec Secret Indian Healing Clay Deep Pore Cleansing, 1 Pound",Baby Jogger,$12.50,FREE Shipping on orders over $35,7246
4.6 out of 5 stars,"Baby Jogger City Select with Second Seat, Onyx",Baby Jogger,$569.00,FREE Shipping on orders over $35,162
,"Baby Jogger 2014 Summit X3 Double Stroller, Green/gray",Baby Jogger,$649.99,FREE Shipping on orders over $35,17
4.6 out of 5 stars,"Baby Jogger City Select with Second Seat, Onyx",babyletto,$569.00,FREE Shipping on orders over $35,162
,"Babyletto Harlow 3-in-1 Convertible Crib, White with Grey Acrylic",Bioderma,$649.00,FREE Shipping on orders over $35,8
4.5 out of 5 stars,"Bioderma Crealine (Sensibio) H2O Micelle Solution, Sensitive Skin, 16.91 Fluid Ounce",Bioré,$22.95,FREE Shipping on orders over $35,634
,"Biore Deep Cleansing Pore Strips, 24 Count",Bioré,$11.19,FREE Shipping on orders over $35,1074
,"Biore Deep Pore Charcoal Cleanser, 6.77 Ounce",BOB,$5.99,FREE Shipping on orders over $35,458
4.6 out of 5 stars,"BOB Revolution SE Duallie Stroller, Black",BOB,$502.49,FREE Shipping on orders over $35,444
4.7 out of 5 stars,"BOB Revolution Flex Duallie Stroller, Lagoon",BOB,$517.49,FREE Shipping on orders over $35,154
4.6 out of 5 stars,"BOB Motion Travel System, Black",BOB,$506.59,FREE Shipping on orders over $35,37
4.7 out of 5 stars,"BOB Revolution Pro Duallie Stroller, Orange",BOB,$532.49,FREE Shipping on orders over $35,34
4.7 out of 5 stars,"BOB Stroller Strides Duallie Fitness Stroller, Red",BOB,$517.49,FREE Shipping on orders over $35,72
4.7 out of 5 stars,"BOB Revolution Flex Stroller, Black",BOB,$359.99,FREE Shipping on orders over $35,279
,"BOB Revolution SE Single Stroller, Black",BOB,$344.99,FREE Shipping on orders over $35,869
4.7 out of 5 stars,"BOB Revolution Flex Stroller, Black",BOB,$359.99,FREE Shipping on orders over $35,279
,"BOB Revolution SE Single Stroller, Black",BOB,$344.99,FREE Shipping on orders over $35,869
4.6 out of 5 stars,"BOB Revolution SE Duallie Stroller, Black",BOB,$502.49,FREE Shipping on orders over $35,444
4.7 out of 5 stars,"BOB Revolution Flex Duallie Stroller, Lagoon",BOB,$517.49,FREE Shipping on orders over $35,154
4.6 out of 5 stars,"BOB Motion Travel System, Black",BOB,$506.59,FREE Shipping on orders over $35,37
4.7 out of 5 stars,"BOB Revolution Pro Duallie Stroller, Orange",brand,$532.49,FREE Shipping on orders over $35,34
4.7 out of 5 stars,Britax Frontier Clicktight Combination Harness-2-Booster Car Seat - Vibe,Britax USA,$247.49,FREE Shipping on orders over $35,451
4.5 out of 5 stars,"Britax USA Advocate ClickTight Convertible Car Seat, Circa",Britax USA,$314.99,FREE Shipping on orders over $35,99
4.4 out of 5 stars,"Britax USA Marathon ClickTight Convertible Car Seat, Verve",Britax USA,$247.49,FREE Shipping on orders over $35,72
4.4 out of 5 stars,"Britax USA Boulevard ClickTight Convertible Car Seat, Circa",Britax USA,$277.49,FREE Shipping on orders over $35,77
4.5 out of 5 stars,"Britax Marathon G4.1 Convertible Car Seat, Onyx",Britax USA,$217.49,FREE Shipping on orders over $35,189
4.7 out of 5 stars,"Britax Pinnacle G1.1 ClickTight Harness-2-Booster Car Seat, Circa",Britax USA,$277.49,FREE Shipping on orders over $35,185
,"Britax 2016 B-Agile 3 Stroller, Black",Britax USA,$269.99,FREE Shipping on orders over $35,
4.7 out of 5 stars,Britax Frontier Clicktight Combination Harness-2-Booster Car Seat - Vibe,Britax USA,$247.49,FREE Shipping on orders over $35,451
4.5 out of 5 stars,"Britax USA Advocate ClickTight Convertible Car Seat, Circa",Britax USA,$314.99,FREE Shipping on orders over $35,99
4.4 out of 5 stars,"Britax USA Marathon ClickTight Convertible Car Seat, Verve",Britax USA,$247.49,FREE Shipping on orders over $35,72
4.4 out of 5 stars,"Britax USA Boulevard ClickTight Convertible Car Seat, Circa",Britax USA,$277.49,FREE Shipping on orders over $35,77
4.5 out of 5 stars,"Britax Marathon G4.1 Convertible Car Seat, Onyx",Britax USA,$217.49,FREE Shipping on orders over $35,189
4.7 out of 5 stars,"Britax Pinnacle G1.1 ClickTight Harness-2-Booster Car Seat, Circa",Britax USA,$277.49,FREE Shipping on orders over $35,185
,"Britax 2016 B-Agile 3 Stroller, Black",Britax USA,$269.99,FREE Shipping on orders over $35,
,"Bugaboo Bee3 Stroller Base, Black",Bugaboo,$619.00,FREE Shipping on orders over $35,2
,"Bugaboo Bee3 Stroller Base, Aluminum",Bugaboo,$569.10,FREE Shipping on orders over $35,10
,"Bumbleride Indie Twin Jogging Double Stroller, Fog Grey",Bumbleride,$729.00,FREE Shipping on orders over $35,58
,"Burt's Bees  Sensitive Facial Cleansing Towelettes with Cotton Extract, 30 Count",Burt's Bees,$5.76,FREE Shipping on orders over $35,1066
4.5 out of 5 stars,"CeraVe Foaming Facial Cleanser, 12 Ounce",CeraVe,$9.68,FREE Shipping on orders over $35,2284
4.6 out of 5 stars,"CeraVe Moisturizing Facial Lotion PM, 3 Ounce",CeraVe,$11.39,FREE Shipping on orders over $35,2295
4.5 out of 5 stars,"CeraVe Renewing System, Eye Repair, 0.5 Ounce",CeraVe,$9.30,FREE Shipping on orders over $35,928
4.5 out of 5 stars,"Cetaphil Gentle Skin Cleanser, For all skin types, 16-Ounce Bottles (Pack of 2)",Cetaphil,$18.22,FREE Shipping on orders over $35,892
4.7 out of 5 stars,"Cetaphil Gentle Cleansing Bar, Hypoallergenic, 4.5 Ounce (Pack of 6)",Cetaphil,$22.46,FREE Shipping on orders over $35,462
,"Cetaphil Dermacontrol Foam Wash, 8 Fluid Ounce",Cetaphil,$8.54,FREE Shipping on orders over $35,335
4.6 out of 5 stars,"Cetaphil Daily Facial Cleanser, For Normal to Oily Skin, 16 Ounce (Pack of 2)",Cetaphil,$20.88,FREE Shipping on orders over $35,449
,"Chicco Nextfit Zip, Sapphire",Chicco,$349.99,FREE Shipping on orders over $35,79
,"Chicco Nextfit Zip, Sapphire",Chicco,$349.99,FREE Shipping on orders over $35,79
,"Clean & Clear Morning Burst, Day/Night Pack, 16 Ounce",Clean & Clear,$8.52,FREE Shipping on orders over $35,256
4.6 out of 5 stars,"Clean & Clear Oil-Absorbing Sheets, 50-Count Sheets (Pack of 2)",Clean & Clear,$8.53,FREE Shipping on orders over $35,331
,"Clean & Clear Clear Advantage Acne Spot Treatment, 0.75 oz.",Clean & Clear,$5.96,FREE Shipping on orders over $35,739
,"Clek Foonf 2016 Convertible Car Seat, Tokidoki Space",Clek,$549.99,FREE Shipping on orders over $35,
4.6 out of 5 stars,"Cottonelle  Fresh Care Flushable Cleansing Cloths Tub, 42 Count",Cottonelle,$1.99,"Fills ,% of your Pantry box",249
4.3 out of 5 stars,Cure Natural Aqua Gel 250ml - Best selling exfoliator in Japan!,Cure,$29.40,FREE Shipping on orders over $35,1555
,"Delta Children Set of Two Rectangle Storage Totes, Blue/Grey, Large",Delta Children,$23.99,FREE Shipping on orders over $35,
4.5 out of 5 stars,"Delta Children Canton 4-in-1 Convertible Crib, Espresso Cherry",Delta Children,$219.98,FREE Shipping on orders over $35,530
4.5 out of 5 stars,"Delta Children Universal 6 Drawer Dresser, Espresso",Delta Children,$244.30,FREE Shipping on orders over $35,613
4.5 out of 5 stars,"Delta Children Canton 4-in-1 Convertible Crib, Espresso Cherry",Delta Children,$219.98,FREE Shipping on orders over $35,530
4.5 out of 5 stars,"Delta Children Universal 6 Drawer Dresser, Espresso",Delta Children,$244.30,FREE Shipping on orders over $35,613
4.5 out of 5 stars,"Diono Radian RXT Convertible Car Seat, Shadow",Diono,$287.99,FREE Shipping on orders over $35,1303
4.6 out of 5 stars,"Diono Radian R100 Convertible Car Seat, Stone",Diono,$214.99,FREE Shipping on orders over $35,486
4.4 out of 5 stars,"Diono Rainier Convertible plus Booster with Adjustable Head Support, Shadow",Diono,$299.95,FREE Shipping on orders over $35,474
4.5 out of 5 stars,"Diono Radian RXT Convertible Car Seat, Shadow",Diono,$287.99,FREE Shipping on orders over $35,1303
4.6 out of 5 stars,"Diono Radian R100 Convertible Car Seat, Stone",Diono,$214.99,FREE Shipping on orders over $35,486
4.4 out of 5 stars,"Diono Rainier Convertible plus Booster with Adjustable Head Support, Shadow",Diono,$299.95,FREE Shipping on orders over $35,474
4.3 out of 5 stars,"Dutailier Sleigh Glider-Multiposition, Recline and Ottoman Combo, Dark Grey",Dutailier,$593.68,FREE Shipping on orders over $35,33
,"Ultramotion by Dutailier Modern Glider and Nursing Ottoman Combo with ''C'' Cushion, Espresso/Dark Grey",Dutailier,$564.73,FREE Shipping on orders over $35,9
,"Ultramotion by Dutailier Sleigh Glider and Nursing Ottoman Combo with ''C'' Cushion, White/Dark Grey",Dutailier,$590.07,FREE Shipping on orders over $35,4
4.3 out of 5 stars,"Dutailier Sleigh Glider-Multiposition, Recline and Ottoman Combo, Dark Grey",Dutailier,$593.68,FREE Shipping on orders over $35,33
,"For Pro Premium Cotton Rounds, 2.25 Inch, 600 Count",For Pro,$11.39,FREE Shipping on orders over $35,63
,"100% Pure Organic Castor Oil - Hexane Free - Premium Oil With Incredible Benefits For Hair, Skin & Nails - Lash...",Foxbrim,$8.00,,875
4.4 out of 5 stars,"Garnier Skin Active Micellar Cleansing Water All-in-1 Cleanser and Waterproof Makeup Remover, 13.5 Fluid Ounce",Garnier,$6.96,FREE Shipping on orders over $35,59
4.5 out of 5 stars,"Graco Aire3 Click Connect Travel System, Gotham",Graco,$265.99,FREE Shipping on orders over $35,94
4.7 out of 5 stars,"Graco 4ever All-in-One Car Seat, Matrix",Graco,$299.99,FREE Shipping on orders over $35,181
4.7 out of 5 stars,"Graco Milestone All-in-1 Car Seat, Gotham",Graco,$226.72,FREE Shipping on orders over $35,53
4.5 out of 5 stars,"Graco Aire3 Click Connect Travel System, Gotham",Graco,$265.99,FREE Shipping on orders over $35,94
4.7 out of 5 stars,"Graco 4ever All-in-One Car Seat, Matrix",Graco,$299.99,FREE Shipping on orders over $35,181
4.7 out of 5 stars,"Graco Milestone All-in-1 Car Seat, Gotham",Graco,$226.72,FREE Shipping on orders over $35,53
,"HALO Bassinest Swivel Sleeper Bassinet, Premiere Series",Halo,$249.99,FREE Shipping on orders over $35,320
,"HALO Bassinest Swivel Sleeper Bassinet, Premiere Series",Halo,$249.99,FREE Shipping on orders over $35,320
4.7 out of 5 stars,"Hibiclens Antimicrobial Skin Liquid Soap, 32 Fluid Ounce",Hibiclens,$16.48,FREE Shipping on orders over $35,795
4.5 out of 5 stars,Medela Pump in Style Advanced Breast Pump with On the Go Tote,Medela,,FREE Shipping on orders over $35,796
4.3 out of 5 stars,Medela Freestyle Breast Pump,Medela,,FREE Shipping on orders over $35,488
4.5 out of 5 stars,Medela Pump in Style Advanced Breast Pump with On the Go Tote,Medela,,FREE Shipping on orders over $35,796
4.3 out of 5 stars,Medela Freestyle Breast Pump,Medela,,FREE Shipping on orders over $35,488
4.6 out of 5 stars,"Munire Medford Crib, Vintage Grey",Munire,$529.00,FREE Shipping on orders over $35,38
4.4 out of 5 stars,"Neosporin Essentials Eczema Daily Moisturizing Cream, 6-Ounce",Neosporin,$10.90,FREE Shipping on orders over $35,548
,"Neutrogena Ultra Gentle Hydrating Cleanser, Creamy Formula, 12 Ounce",Neutrogena,$7.78,FREE Shipping on orders over $35,185
4.5 out of 5 stars,"Neutrogena Makeup Remover Cleansing Towelettes, Refill Pack, 25 Count",Neutrogena,$7.80,FREE Shipping on orders over $35,688
4.5 out of 5 stars,NIVEA MEN Original Moisturizing Face Wash 5 Oz,Nivea Men,$4.69,FREE Shipping on orders over $35,303
,"Orbit Baby O2 Stroller Base, Black",Orbit Baby,$619.00,FREE Shipping on orders over $35,2
4.3 out of 5 stars,Paula's Choice Skin Perfecting 2% BHA Liquid Salicylic Acid Exfoliant for Blackheads and Enlarged Pores - 4 oz,Paula's Choice,$28.00,FREE Shipping on orders over $35,312
,"Peg Perego Book Pop Up Stroller, Onyx",Peg Perego,$799.99,FREE Shipping on orders over $35,30
,"POND'S Original Fresh Wet Cleansing Towelettes, 30-Count (Pack of 4)",Pond's,$14.99,FREE Shipping on orders over $35,165
,Prince Lionheart Jumbo Toy Hammock,Prince Lionheart,$6.39,FREE Shipping on orders over $35,2261
4.6 out of 5 stars,"Proactiv Renewing Cleanser, 6 Ounce (90 Day)",Proactiv,$33.20,FREE Shipping on orders over $35,215
4.4 out of 5 stars,"Vitamin C Serum for Face with Hyaluronic Acid, 20% C + E Professional Topical Facial Skin Care Helps Repair Sun...",Pure Body Naturals,$15.95,FREE Shipping on orders over $35,5356
4.3 out of 5 stars,"Quinny Moodd Stroller, Natural Delight",Quinny,$699.99, and ,33
,Lemon Essential Oil - Big 4 Oz - 100% Pure & Natural Therapeutic Grade - Cold Pressed PREMIUM QUALITY Oil from...,Radha Beauty,$10.95,FREE Shipping on orders over $35,785
4.6 out of 5 stars,Scott Naturals Flushable Cleansing Cloths Bag 170,Scott,$5.47,"Fills ,% of your Pantry box",70
,"Serta Bethpage 4-in-1 Crib, Bianca",Serta,$279.99,FREE Shipping on orders over $35,
4.3 out of 5 stars,"Seventh Generation Thick & Strong Free and Clear Baby Wipes, 384 Count",Seventh Generation,$14.24,FREE Shipping on orders over $35,1497
4.6 out of 5 stars,"Simple Cleansing Facial Wipes 25 ct, Twin Pack",Simple,$7.97, ,212
4.4 out of 5 stars,"Simple Cleansing Water, Micellar 6.7 oz",Simple,$5.67, ,335
4.5 out of 5 stars,"Simple Cleansing Facial Wipes, 25 ct",Simple,$3.69,FREE Shipping on orders over $35,344
4.5 out of 5 stars,"Spectra Baby USA Double/Single Breast Pump with Rechargeable Battery, 3.3 Pound",Spectra Baby USA,$210.83,FREE Shipping on orders over $35,224
4.5 out of 5 stars,"Spectra Baby USA Double/Single Breast Pump with Rechargeable Battery, 3.3 Pound",Spectra Baby USA,$210.83,FREE Shipping on orders over $35,224
4.6 out of 5 stars,"St Ives Apricot Scrub, Blemish Control 6 oz",St. Ives,$2.94,FREE Shipping on orders over $35,1140
,Summer Infant Dual View Digital Color Video Baby Monitor,Summer Infant,$200.99,FREE Shipping on orders over $35,240
,Summer Infant Dual View Digital Color Video Baby Monitor,Summer Infant,$200.99,FREE Shipping on orders over $35,240
4.3 out of 5 stars,Topix Benzoyl Peroxide 10% Wash 8 oz bottle,Topix,$13.99,FREE Shipping on orders over $35,511
4.4 out of 5 stars,TUCKS MED PADS 100 EACH,Tucks,$10.85,FREE Shipping on orders over $35,407
,"UPPAbaby 2015 Cruz Stroller, Jake",UPPAbaby,$529.99,FREE Shipping on orders over $35,5
,"UPPAbaby 2015 Vista Stroller, Jake",UPPAbaby,$879.99,FREE Shipping on orders over $35,69
,"UPPAbaby 2015 Cruz Stroller, Pascal",UPPAbaby,$529.99,FREE Shipping on orders over $35,1
,"UPPAbaby 2015 Cruz Stroller, Jake",UPPAbaby,$529.99,FREE Shipping on orders over $35,5
,"UPPAbaby 2015 Vista Stroller, Jake",UPPAbaby,$879.99,FREE Shipping on orders over $35,69
,"UPPAbaby 2015 Cruz Stroller, Pascal",UPPAbaby,$529.99,FREE Shipping on orders over $35,
4.6 out of 5 stars,"Cotton Washcloths-Hand-Face Towels Pack - 100% Extra Soft Ring Spun Cotton Washcloths, Highly Absorbent, 12-Inch...",Utopia Towels,$11.95,FREE Shipping on orders over $35,2211
,"Vanicream Cleansing Bar, Fragrance Free, 3.9 Ounce Bars (Pack of 3)",Vanicream,$8.98,FREE Shipping on orders over $35,553
4.7 out of 5 stars,"Wet Ones Antibacterial Hand  Wipes Travel Pack, 15-Count (Pack of 12)(colors may vary)",,$11.17,FREE Shipping on orders over $35,161
,ECR4Kids Tree Top Climb and Slide,,$599.99,FREE Shipping on orders over $35,11
