rating,description,brand,discount_price,shipping_description,review
4.5 out of 5 stars,[DRSKIN] Compression Tight Pants Base Layer Running Leggings Men Women,DRSKIN,$9.89 - $15.99,,10
4.3 out of 5 stars,[DRSKIN]Calf Compression Sleeve Calf Guard Shin Splints Sleeves-1Pair(2Pcs),DRSKIN,$4.99,,3
,[DRSKIN] Compression Tight Short Sleeve Shirt Base layer men women,DRSKIN,$7.99 - $11.99,,
,"[DRSKIN] Tight Compression Base Layer Long Sleeve Under Shirt & Pants.,Short Sleeve Under Shirt & Pants.",DRSKIN,$4.99 - $9.89,,
,[DRSKIN] DR077 Compression Tight Short Pants Base layer men women,DRSKIN,$7.99,,
4.4 out of 5 stars,Haggar Men's Cool 18 Hidden Expandable-Waist Pleat-Front Pant,Haggar,$30.88 - $49.88,FREE Shipping on orders over $35,"1,120"
4.4 out of 5 stars,Haggar Men's Cool 18 Gabardine Hidden Expandable-Waist Plain-Front Short,Haggar,$15.00 - $29.99,FREE Shipping on orders over $35,724
4.5 out of 5 stars,Haggar Men's Cool 18 Hidden Expandable Waist Pleat Front Short,Haggar,$12.95 - $29.99,FREE Shipping,708
,Haggar Men's Big-Tall Cool 18 Hidden Expandable Waist Pleat Front Pant,Haggar,$28.89 - $60.34,FREE Shipping on orders over $35,282
,Haggar Men's Big-Tall Cool 18 Gabardine Hidden Expandable Waist Pleat Short,Haggar,$22.07 - $33.36,FREE Shipping on orders over $35,184
,Haggar Men's Big-Tall Cool 18 Gabardine Hidden Expandable Waist Plain Short,Haggar,$25.66 - $33.36,FREE Shipping on orders over $35,116
4.3 out of 5 stars,Haggar Men's Cool 18 Expandable Waist Straight Fit Plain Front Solid Pant,Haggar,$24.99 - $40.14,FREE Shipping on orders over $35,51
4.5 out of 5 stars,Haggar Men's Cool 18 Plaid Hidden Expandable Waist Short,Haggar,$24.99 - $36.99,FREE Shipping on orders over $35,54
,Haggar Men's C18 Broken Glen Plaid Straight Fit Flat Front Pant,Haggar,$42.03 - $44.99,FREE Shipping on orders over $35,17
,Haggar Men's Cool 18 Straight Fit Gabardine Plain Front Casual Pant,Haggar,$21.64 - $38.63,FREE Shipping on orders over $35,50
4.4 out of 5 stars,Haggar Men's Cool 18 Classic Fit Plain Front Mini Houndstooth Fancy Pant,Haggar,$32.00 - $34.99,FREE Shipping on orders over $35,11
4.5 out of 5 stars,Haggar Men's Cool 18 Yarn Dye Plaid Plain Front Short,Haggar,$24.99 - $32.60,FREE Shipping on orders over $35,22
4.5 out of 5 stars,Haggar Cool 18 Windowpane Flat Front Shorts,Haggar,$24.99 - $32.60,FREE Shipping on orders over $35,14
4.7 out of 5 stars,Haggar Men's Big-Tall Cool 18 Expandable Waist Plain Front Plaid Short,Haggar,$27.99,FREE Shipping on orders over $35,7
,"Haggar Men's Cool 18 Expandable Waist Plain Front Plaid Fancy Short, White",Haggar,$26.99,FREE Shipping on orders over $35,15
,"Haggar Men's Cool 18 Expandable Waist Plain Front Medium Plaid Fancy Short, Silver",Haggar,$26.55 - $26.99,FREE Shipping on orders over $35,7
,Haggar Men's Cool 18 Expandable Waist Straight Fit Plain Front  Check Pant,Haggar,$34.99,FREE Shipping on orders over $35,1
,Haggar Men's Plain-Front Active-Motion Performance Short,Haggar,$23.99 - $33.73,FREE Shipping on orders over $35,27
,Haggar Men's Cool 18 Plain-Front Neutral Tonal-Plaid Performance Short,Haggar,$14.28 - $44.95,FREE Shipping on orders over $35,9
,Haggar Men's Big-Tall Cool 18 Expandable Waist Plaid Windowpane Short,Haggar,$27.99,FREE Shipping on orders over $35,1
4.7 out of 5 stars,Haggar Men's Big-Tall Cool 18 Short,Haggar,$27.99,FREE Shipping on orders over $35,21
,Haggar Men's Cool 18 Straight Fit Plain Front Mini Houndstooth Pant,Haggar,$34.99 - $40.14,FREE Shipping on orders over $35,4
,Haggar Men's C18 Windowpane Plaid Short,Haggar,$32.99,FREE Shipping on orders over $35,1
,Haggar Men's Cool 18 Expandable-Waist Plain-Front Short,Haggar,$26.99,FREE Shipping on orders over $35,5
4.3 out of 5 stars,Nike Mens Athletic Active Dri-Fit Tee Shirt,Nike,$16.58 - $49.99,FREE Shipping,199
4.4 out of 5 stars,Nike Men's Dri-Fit Cotton Cushioned Socks 3 Pair,Nike,$14.98 - $121.60,FREE Shipping on orders over $35,526
4.6 out of 5 stars,Nike Elite Crew Dri-Fit Basketball Sock,Nike,$7.50 - $40.02,FREE Shipping on orders over $35,800
4.5 out of 5 starrating,description,brand,discount_price,shipping_description,review
4.4 out of 5 stars,Haggar Men's Cool 18 Hidden Expandable-Waist Pleat-Front Pant,Haggar,$30.88 - $49.88,FREE Shipping on orders over $35,"1,120"
4.4 out of 5 stars,Haggar Men's Cool 18 Gabardine Hidden Expandable-Waist Plain-Front Short,Haggar,$15.00 - $29.99,FREE Shipping on orders over $35,724
4.5 out of 5 stars,Haggar Men's Cool 18 Hidden Expandable Waist Pleat Front Short,Haggar,$12.95 - $29.99,FREE Shipping,708
,Haggar Men's Big-Tall Cool 18 Hidden Expandable Waist Pleat Front Pant,Haggar,$28.89 - $60.34,FREE Shipping on orders over $35,282
,Haggar Men's Big-Tall Cool 18 Gabardine Hidden Expandable Waist Pleat Short,Haggar,$22.07 - $33.36,FREE Shipping on orders over $35,184
,Haggar Men's Big-Tall Cool 18 Gabardine Hidden Expandable Waist Plain Short,Haggar,$25.66 - $33.36,FREE Shipping on orders over $35,116
4.3 out of 5 stars,Haggar Men's Cool 18 Expandable Waist Straight Fit Plain Front Solid Pant,Haggar,$24.99 - $40.14,FREE Shipping on orders over $35,51
4.5 out of 5 stars,Haggar Men's Cool 18 Plaid Hidden Expandable Waist Short,Haggar,$24.99 - $36.99,FREE Shipping on orders over $35,54
,Haggar Men's C18 Broken Glen Plaid Straight Fit Flat Front Pant,Haggar,$42.03 - $44.99,FREE Shipping on orders over $35,17
,Haggar Men's Cool 18 Straight Fit Gabardine Plain Front Casual Pant,Haggar,$21.64 - $38.63,FREE Shipping on orders over $35,50
4.4 out of 5 stars,Haggar Men's Cool 18 Classic Fit Plain Front Mini Houndstooth Fancy Pant,Haggar,$32.00 - $34.99,FREE Shipping on orders over $35,11
4.5 out of 5 stars,Haggar Men's Cool 18 Yarn Dye Plaid Plain Front Short,Haggar,$24.99 - $32.60,FREE Shipping on orders over $35,22
4.5 out of 5 stars,Haggar Cool 18 Windowpane Flat Front Shorts,Haggar,$24.99 - $32.60,FREE Shipping on orders over $35,14
4.7 out of 5 stars,Haggar Men's Big-Tall Cool 18 Expandable Waist Plain Front Plaid Short,Haggar,$27.99,FREE Shipping on orders over $35,7
,"Haggar Men's Cool 18 Expandable Waist Plain Front Plaid Fancy Short, White",Haggar,$26.99,FREE Shipping on orders over $35,15
,"Haggar Men's Cool 18 Expandable Waist Plain Front Medium Plaid Fancy Short, Silver",Haggar,$26.55 - $26.99,FREE Shipping on orders over $35,7
,Haggar Men's Cool 18 Expandable Waist Straight Fit Plain Front  Check Pant,Haggar,$34.99,FREE Shipping on orders over $35,1
,Haggar Men's Plain-Front Active-Motion Performance Short,Haggar,$23.99 - $33.73,FREE Shipping on orders over $35,27
,Haggar Men's Cool 18 Plain-Front Neutral Tonal-Plaid Performance Short,Haggar,$14.28 - $44.95,FREE Shipping on orders over $35,9
,Haggar Men's Big-Tall Cool 18 Expandable Waist Plaid Windowpane Short,Haggar,$27.99,FREE Shipping on orders over $35,1
4.7 out of 5 stars,Haggar Men's Big-Tall Cool 18 Short,Haggar,$27.99,FREE Shipping on orders over $35,21
,Haggar Men's Cool 18 Straight Fit Plain Front Mini Houndstooth Pant,Haggar,$34.99 - $40.14,FREE Shipping on orders over $35,4
,Haggar Men's C18 Windowpane Plaid Short,Haggar,$32.99,FREE Shipping on orders over $35,1
,Haggar Men's Cool 18 Expandable-Waist Plain-Front Short,Haggar,$26.99,FREE Shipping on orders over $35,5
4.5 out of 5 stars,[DRSKIN] Compression Tight Pants Base Layer Running Leggings Men Women,DRSKIN,$9.89 - $15.99,,10
4.3 out of 5 stars,[DRSKIN]Calf Compression Sleeve Calf Guard Shin Splints Sleeves-1Pair(2Pcs),DRSKIN,$4.99,,3
,[DRSKIN] Compression Tight Short Sleeve Shirt Base layer men women,DRSKIN,$7.99 - $11.99,,
,"[DRSKIN] Tight Compression Base Layer Long Sleeve Under Shirt & Pants.,Short Sleeve Under Shirt & Pants.",DRSKIN,$4.99 - $9.89,,
,[DRSKIN] DR077 Compression Tight Short Pants Base layer men women,DRSKIN,$7.99,,
4.3 out of 5 stars,Nike Mens Athletic Active Dri-Fit Tee Shirt,Nike,$16.58 - $49.99,FREE Shipping on orders over $35,199
4.4 out of 5 stars,Nike Men's Dri-Fit Cotton Cushioned Socks 3 Pair,Nike,$14.98 - $121.60,FREE Shipping on orders over $35,526
4.6 out of 5 stars,Nike Elite Crew Dri-Fit Basketball Sock,Nike,$7.50 - $40.02,FREE Shipping on orders over $35,800rating,description,brand,discount_price,shipping_description,review
4.4 out of 5 stars,Haggar Men's Cool 18 Hidden Expandable-Waist Pleat-Front Pant,Haggar,$30.88 - $49.88,FREE Shipping on orders over $35,"1,120"
4.4 out of 5 stars,Haggar Men's Cool 18 Gabardine Hidden Expandable-Waist Plain-Front Short,Haggar,$15.00 - $29.99,FREE Shipping on orders over $35,724
4.5 out of 5 stars,Haggar Men's Cool 18 Hidden Expandable Waist Pleat Front Short,Haggar,$12.95 - $29.99,FREE Shipping,708
,Haggar Men's Big-Tall Cool 18 Hidden Expandable Waist Pleat Front Pant,Haggar,$28.89 - $60.34,FREE Shipping on orders over $35,282
,Haggar Men's Big-Tall Cool 18 Gabardine Hidden Expandable Waist Pleat Short,Haggar,$22.07 - $33.36,FREE Shipping on orders over $35,184
,Haggar Men's Big-Tall Cool 18 Gabardine Hidden Expandable Waist Plain Short,Haggar,$25.66 - $33.36,FREE Shipping on orders over $35,116
4.3 out of 5 stars,Haggar Men's Cool 18 Expandable Waist Straight Fit Plain Front Solid Pant,Haggar,$24.99 - $40.14,FREE Shipping on orders over $35,51
4.5 out of 5 stars,Haggar Men's Cool 18 Plaid Hidden Expandable Waist Short,Haggar,$24.99 - $36.99,FREE Shipping on orders over $35,54
,Haggar Men's C18 Broken Glen Plaid Straight Fit Flat Front Pant,Haggar,$42.03 - $44.99,FREE Shipping on orders over $35,17
,Haggar Men's Cool 18 Straight Fit Gabardine Plain Front Casual Pant,Haggar,$21.64 - $38.63,FREE Shipping on orders over $35,50
4.4 out of 5 stars,Haggar Men's Cool 18 Classic Fit Plain Front Mini Houndstooth Fancy Pant,Haggar,$32.00 - $34.99,FREE Shipping on orders over $35,11
4.5 out of 5 stars,Haggar Men's Cool 18 Yarn Dye Plaid Plain Front Short,Haggar,$24.99 - $32.60,FREE Shipping on orders over $35,22
4.5 out of 5 stars,Haggar Cool 18 Windowpane Flat Front Shorts,Haggar,$24.99 - $32.60,FREE Shipping on orders over $35,14
4.7 out of 5 stars,Haggar Men's Big-Tall Cool 18 Expandable Waist Plain Front Plaid Short,Haggar,$27.99,FREE Shipping on orders over $35,7
,"Haggar Men's Cool 18 Expandable Waist Plain Front Plaid Fancy Short, White",Haggar,$26.99,FREE Shipping on orders over $35,15
,"Haggar Men's Cool 18 Expandable Waist Plain Front Medium Plaid Fancy Short, Silver",Haggar,$26.55 - $26.99,FREE Shipping on orders over $35,7
,Haggar Men's Cool 18 Expandable Waist Straight Fit Plain Front  Check Pant,Haggar,$34.99,FREE Shipping on orders over $35,1
,Haggar Men's Plain-Front Active-Motion Performance Short,Haggar,$23.99 - $33.73,FREE Shipping on orders over $35,27
,Haggar Men's Cool 18 Plain-Front Neutral Tonal-Plaid Performance Short,Haggar,$14.28 - $44.95,FREE Shipping on orders over $35,9
,Haggar Men's Big-Tall Cool 18 Expandable Waist Plaid Windowpane Short,Haggar,$27.99,FREE Shipping on orders over $35,1
4.7 out of 5 stars,Haggar Men's Big-Tall Cool 18 Short,Haggar,$27.99,FREE Shipping on orders over $35,21
,Haggar Men's Cool 18 Straight Fit Plain Front Mini Houndstooth Pant,Haggar,$34.99 - $40.14,FREE Shipping on orders over $35,4
,Haggar Men's C18 Windowpane Plaid Short,Haggar,$32.99,FREE Shipping on orders over $35,1
,Haggar Men's Cool 18 Expandable-Waist Plain-Front Short,Haggar,$26.99,FREE Shipping on orders over $35,5
rating,description,brand,discount_price,shipping_description,review
4.4 out of 5 stars,Haggar Men's Cool 18 Hidden Expandable-Waist Pleat-Front Pant,Haggar,$30.88 - $49.88,FREE Shipping on orders over $35,"1,120"
4.4 out of 5 stars,Haggar Men's Cool 18 Gabardine Hidden Expandable-Waist Plain-Front Short,Haggar,$15.00 - $29.99,FREE Shipping on orders over $35,724
4.5 out of 5 stars,Haggar Men's Cool 18 Hidden Expandable Waist Pleat Front Short,Haggar,$12.95 - $29.99,FREE Shipping,708
,Haggar Men's Big-Tall Cool 18 Hidden Expandable Waist Pleat Front Pant,Haggar,$28.89 - $60.34,FREE Shipping on orders over $35,282
,Haggar Men's Big-Tall Cool 18 Gabardine Hidden Expandable Waist Pleat Short,Haggar,$22.07 - $33.36,FREE Shipping on orders over $35,184
,Haggar Men's Big-Tall Cool 18 Gabardine Hidden Expandable Waist Plain Short,Haggar,$25.66 - $33.36,FREE Shipping on orders over $35,116
4.3 out of 5 stars,Haggar Men's Cool 18 Expandable Waist Straight Fit Plain Front Solid Pant,Haggar,$24.99 - $40.14,FREE Shipping on orders over $35,51
4.5 out of 5 stars,Haggar Men's Cool 18 Plaid Hidden Expandable Waist Short,Haggar,$24.99 - $36.99,FREE Shipping on orders over $35,54
,Haggar Men's C18 Broken Glen Plaid Straight Fit Flat Front Pant,Haggar,$42.03 - $44.99,FREE Shipping on orders over $35,17
,Haggar Men's Cool 18 Straight Fit Gabardine Plain Front Casual Pant,Haggar,$21.64 - $38.63,FREE Shipping on orders over $35,50
4.4 out of 5 stars,Haggar Men's Cool 18 Classic Fit Plain Front Mini Houndstooth Fancy Pant,Haggar,$32.00 - $34.99,FREE Shipping on orders over $35,11
4.5 out of 5 stars,Haggar Men's Cool 18 Yarn Dye Plaid Plain Front Short,Haggar,$24.99 - $32.60,FREE Shipping on orders over $35,22
4.5 out of 5 stars,Haggar Cool 18 Windowpane Flat Front Shorts,Haggar,$24.99 - $32.60,FREE Shipping on orders over $35,14
4.7 out of 5 stars,Haggar Men's Big-Tall Cool 18 Expandable Waist Plain Front Plaid Short,Haggar,$27.99,FREE Shipping on orders over $35,7
,"Haggar Men's Cool 18 Expandable Waist Plain Front Plaid Fancy Short, White",Haggar,$26.99,FREE Shipping on orders over $35,15
,"Haggar Men's Cool 18 Expandable Waist Plain Front Medium Plaid Fancy Short, Silver",Haggar,$26.55 - $26.99,FREE Shipping on orders over $35,7
,Haggar Men's Cool 18 Expandable Waist Straight Fit Plain Front  Check Pant,Haggar,$34.99,FREE Shipping on orders over $35,1
,Haggar Men's Plain-Front Active-Motion Performance Short,Haggar,$23.99 - $33.73,FREE Shipping on orders over $35,27
,Haggar Men's Cool 18 Plain-Front Neutral Tonal-Plaid Performance Short,Haggar,$14.28 - $44.95,FREE Shipping on orders over $35,9
,Haggar Men's Big-Tall Cool 18 Expandable Waist Plaid Windowpane Short,Haggar,$27.99,FREE Shipping on orders over $35,1
4.7 out of 5 stars,Haggar Men's Big-Tall Cool 18 Short,Haggar,$27.99,FREE Shipping on orders over $35,21
,Haggar Men's Cool 18 Straight Fit Plain Front Mini Houndstooth Pant,Haggar,$34.99 - $40.14,FREE Shipping on orders over $35,4
,Haggar Men's C18 Windowpane Plaid Short,Haggar,$32.99,FREE Shipping on orders over $35,1
,Haggar Men's Cool 18 Expandable-Waist Plain-Front Short,Haggar,$26.99,FREE Shipping on orders over $35,5
rating,description,brand,discount_price,shipping_description,review
4.5 out of 5 stars,[DRSKIN] Compression Tight Pants Base Layer Running Leggings Men Women,DRSKIN,$9.89 - $15.99,FREE Shipping on orders over $35,10
4.3 out of 5 stars,[DRSKIN]Calf Compression Sleeve Calf Guard Shin Splints Sleeves-1Pair(2Pcs),DRSKIN,$4.99,,3
4.3 out of 5 stars,Nike Mens Athletic Active Dri-Fit Tee Shirt,Nike,$16.58 - $49.99,,199
4.4 out of 5 stars,Nike Men's Dri-Fit Cotton Cushioned Socks 3 Pair,Nike,$14.98 - $121.60,FREE Shipping on orders over $35,526
4.6 out of 5 stars,Nike Elite Crew Dri-Fit Basketball Sock,Nike,$7.50 - $40.02,FREE Shipping on orders over $35,800
4.5 out of 5 stars,"Nike Womens 3"" Compression Short",Nike,$14.05 - $899.00,,271
4.6 out of 5 stars,Nike Tech Swoosh Cap,Nike,$17.95 - $58.00,,299
,Nike Men's Legend Dri Fit Poly Shirt,Nike,$10.99 - $57.53,FREE Shipping on orders over $35,357
4.7 out of 5 stars,Nike Flat Front Golf Pants 2015,Nike,$49.99 - $194.48,FREE Shipping on orders over $35,75
,Nike Tech Swoosh Visor BLACK,Nike,$27.25,FREE Shipping on orders over $35,40
4.6 out of 5 stars,Nike Men's Tour Legacy Mesh Hat,Nike,$18.50 - $57.12,,100
4.3 out of 5 stars,Nike Tech Swoosh Visor WHITE,Nike,$27.25,FREE Shipping on orders over $35,23
,Nike Tech Swoosh Visor UNIVERSITY RED,Nike,$27.25,FREE Shipping on orders over $35,13
4.5 out of 5 stars,NEW Nike Tech Swoosh Adjustable College Navy Visor,Nike,$29.00,FREE Shipping on orders over $35,13
4.4 out of 5 stars,"Nike Golf Dri-Fit Victory Polo, Game Royal/White",Nike,$27.99 - $71.32,FREE Shipping on orders over $35,229
,Nike Golf - Dri-FIT Pebble Texture Polo,Nike,$20.00 - $43.01,,215
rating,description,brand,discount_price,shipping_description,review
4.4 out of 5 stars,Haggar Men's Cool 18 Hidden Expandable-Waist Pleat-Front Pant,Haggar,$30.88 - $49.88,FREE Shipping on orders over $35,"1,120"
4.4 out of 5 stars,Haggar Men's Cool 18 Gabardine Hidden Expandable-Waist Plain-Front Short,Haggar,$15.00 - $29.99,FREE Shipping on orders over $35,724
4.5 out of 5 stars,Haggar Men's Cool 18 Hidden Expandable Waist Pleat Front Short,Haggar,$12.95 - $29.99,FREE Shipping,708
4.3 out of 5 stars,Haggar Men's Cool 18 Expandable Waist Straight Fit Plain Front Solid Pant,Haggar,$24.99 - $40.14,FREE Shipping on orders over $35,51
4.5 out of 5 stars,Haggar Men's Cool 18 Plaid Hidden Expandable Waist Short,Haggar,$24.99 - $36.99,FREE Shipping on orders over $35,54
4.4 out of 5 stars,Haggar Men's Cool 18 Classic Fit Plain Front Mini Houndstooth Fancy Pant,Haggar,$32.00 - $34.99,FREE Shipping on orders over $35,11
4.5 out of 5 stars,Haggar Men's Cool 18 Yarn Dye Plaid Plain Front Short,Haggar,$24.99 - $32.60,FREE Shipping on orders over $35,22
4.5 out of 5 stars,Haggar Cool 18 Windowpane Flat Front Shorts,Haggar,$24.99 - $32.60,FREE Shipping on orders over $35,14
4.7 out of 5 stars,Haggar Men's Big-Tall Cool 18 Expandable Waist Plain Front Plaid Short,Haggar,$27.99,FREE Shipping on orders over $35,7
4.7 out of 5 stars,Haggar Men's Big-Tall Cool 18 Short,Haggar,$27.99,FREE Shipping on orders over $35,21
4.4 out of 5 stars,Nike Men's Dri-Fit Cotton Cushioned Socks 3 Pair,Nike,$14.98 - $121.60,FREE Shipping on orders over $35,526
4.6 out of 5 stars,Nike Elite Crew Dri-Fit Basketball Sock,Nike,$7.50 - $40.02,FREE Shipping on orders over $35,800
4.7 out of 5 stars,Nike Flat Front Golf Pants 2015,Nike,$49.99 - $194.48,FREE Shipping on orders over $35,75
4.3 out of 5 stars,Nike Tech Swoosh Visor WHITE,Nike,$27.25,FREE Shipping on orders over $35,23
4.5 out of 5 stars,NEW Nike Tech Swoosh Adjustable College Navy Visor,Nike,$29.00,FREE Shipping on orders over $35,13
4.4 out of 5 stars,"Nike Golf Dri-Fit Victory Polo, Game Royal/White",Nike,$27.99 - $71.32,FREE Shipping on orders over $35,229
4.4 out of 5 stars,Nike Golf Dri-Fit Victory Stripe Polo,Nike,$34.53 - $104.11,FREE Shipping,156
4.5 out of 5 stars,Nike Victory Stripe Golf Polo 2015 Volt/Black X-Large 585748702,Nike,$40.00,FREE Shipping on orders over $35,2
4.6 out of 5 stars,NFL Infinity Scarf,Littlearth,$8.63 - $499.95,FREE Shipping,268
4.4 out of 5 stars,NFL Endzone Rush Short Sleeve Tee,VF LSG,$12.50 - $25.00,FREE Shipping on orders over $35,213
4.5 out of 5 stars,NFL '47 Raised Cuff Knit Beanie,'47,$4.48 - $27.99,FREE Shipping on orders over $35,272
4.3 out of 5 stars,NFL Women's '47 V-Neck Scrum Tee,'47,$11.40 - $44.00,FREE Shipping on orders over $35,174
4.6 out of 5 stars,NFL Embossed Genuine Cowhide Leather Trifold Leather Wallet,Rico,$15.99 - $46.99,FREE Shipping on orders over $35,"1,764"
4.7 out of 5 stars,NFL Riddell Speed Mini Helmet,Riddell,$18.75 - $800.00,FREE Shipping on orders over $35,352
4.3 out of 5 stars,"NFL Metallic Travel Tumbler, Stainless Steel and Black Vinyl, 16-Ounce",Great American Products,$9.99 - $48.34,FREE Shipping on orders over $35,520
4.6 out of 5 stars,Franklin Sports NFL Team Licensed Youth Uniform Set,Franklin,"$19.58 - $10,000.00",FREE Shipping on orders over $35,"1,457"
4.3 out of 5 stars,NFL Path to Glory Long Sleeve Tee,VF LSG,$19.00 - $32.00,FREE Shipping on orders over $35,198
4.4 out of 5 stars,NFL Bottle Opener Key Ring,aminco,$1.99 - $24.90,FREE Shipping on orders over $35,392
4.5 out of 5 stars,NFL Color Auto Emblems,Team ProMark,$3.69 - $41.72,FREE Shipping on orders over $35,359
4.4 out of 5 stars,NFL '47 Beanie Knit Hat,'47,$5.82 - $17.99,FREE Shipping on orders over $35,185
4.7 out of 5 stars,NFL 2015 Reverse Team Color 39Thirty Stretch Fit Cap,New Era,$7.99 - $43.99,FREE Shipping on orders over $35,47
4.4 out of 5 stars,NFL Greatness Short Sleeve Basic Tee,VF LSG,$10.00 - $25.00,FREE Shipping on orders over $35,97
4.6 out of 5 stars,NFL Bling Chrome License Plate Frame,Rico,$11.22 - $38.99,FREE Shipping on orders over $35,298
4.7 out of 5 stars,New Era NFL The League 9FORTY Adjustable Cap,New Era,$9.98 - $39.41,FREE Shipping on orders over $35,328
4.6 out of 5 stars,Franklin Sports NFL Replica Youth Helmet and Jersey Set,Franklin,$12.85 - $79.99,FREE Shipping on orders over $35,677
4.7 out of 5 stars,NFL- Logo Fathead,Fathead,$2.31 - $24.80, and ,204
4.5 out of 5 stars,"NFL '47 Clean Up Adjustable Hat, One Size Fits All",'47,$9.81 - $39.41,FREE Shipping on orders over $35,"1,122"
4.6 out of 5 stars,NFL Infinity Scarf,Littlearth,$8.63 - $499.95,FREE Shipping on orders over $35,268
4.4 out of 5 stars,NFL Endzone Rush Short Sleeve Tee,VF LSG,$12.50 - $25.00,FREE Shipping on orders over $35,213
4.5 out of 5 stars,NFL '47 Raised Cuff Knit Beanie,'47,$4.48 - $27.99,FREE Shipping on orders over $35,272
4.3 out of 5 stars,NFL Women's '47 V-Neck Scrum Tee,'47,$11.40 - $44.00,FREE Shipping on orders over $35,174
4.6 out of 5 stars,NFL Embossed Genuine Cowhide Leather Trifold Leather Wallet,Rico,$15.99 - $46.99,FREE Shipping on orders over $35,"1,764"
4.7 out of 5 stars,NFL Riddell Speed Mini Helmet,Riddell,$18.75 - $800.00,FREE Shipping on orders over $35,352
4.3 out of 5 stars,"NFL Metallic Travel Tumbler, Stainless Steel and Black Vinyl, 16-Ounce",Great American Products,$9.99 - $48.34,FREE Shipping on orders over $35,520
4.6 out of 5 stars,Franklin Sports NFL Team Licensed Youth Uniform Set,Franklin,"$19.58 - $10,000.00",FREE Shipping on orders over $35,"1,457"
4.3 out of 5 stars,NFL Path to Glory Long Sleeve Tee,VF LSG,$19.00 - $32.00,FREE Shipping on orders over $35,198
4.4 out of 5 stars,NFL Bottle Opener Key Ring,aminco,$1.99 - $24.90,FREE Shipping on orders over $35,392
4.6 out of 5 stars,NFL Wrap Style Sunglasses,"Siskiyou Gifts Co, Inc.",$4.71 - $39.24,FREE Shipping on orders over $35,"1,439"
4.5 out of 5 stars,NFL Color Auto Emblems,Team ProMark,$3.69 - $41.72,FREE Shipping on orders over $35,359
4.4 out of 5 stars,NFL '47 Beanie Knit Hat,'47,$5.82 - $17.99,FREE Shipping on orders over $35,185
4.7 out of 5 stars,NFL 2015 Reverse Team Color 39Thirty Stretch Fit Cap,New Era,$7.99 - $43.99,FREE Shipping on orders over $35,47
4.4 out of 5 stars,NFL Greatness Short Sleeve Basic Tee,VF LSG,$10.00 - $25.00,FREE Shipping on orders over $35,97
4.6 out of 5 stars,NFL Bling Chrome License Plate Frame,Rico,$11.22 - $38.99,FREE Shipping on orders over $35,298
4.7 out of 5 stars,New Era NFL The League 9FORTY Adjustable Cap,New Era,$9.98 - $39.41,FREE Shipping on orders over $35,328
rating,description,brand,discount_price,shipping_description,review
4.4 out of 5 stars,Nike Men's Dri-Fit Cotton Cushioned Socks 3 Pair,Nike,$14.98 - $121.60,FREE Shipping on orders over $35,526
4.6 out of 5 stars,Nike Elite Crew Dri-Fit Basketball Sock,Nike,$7.50 - $40.02,FREE Shipping on orders over $35,800
4.7 out of 5 stars,Nike Flat Front Golf Pants 2015,Nike,$49.99 - $194.48,FREE Shipping on orders over $35,75
4.3 out of 5 stars,Nike Tech Swoosh Visor WHITE,Nike,$27.25,FREE Shipping on orders over $35,23
4.5 out of 5 stars,NEW Nike Tech Swoosh Adjustable College Navy Visor,Nike,$29.00,FREE Shipping on orders over $35,13
4.4 out of 5 stars,"Nike Golf Dri-Fit Victory Polo, Game Royal/White",Nike,$27.99 - $71.32,FREE Shipping on orders over $35,229
4.4 out of 5 stars,Nike Golf Dri-Fit Victory Stripe Polo,Nike,$34.53 - $104.11,FREE Shipping,156
4.5 out of 5 stars,Nike Victory Stripe Golf Polo 2015 Volt/Black X-Large 585748702,Nike,$40.00,FREE Shipping on orders over $35,2
4.5 out of 5 stars,[DRSKIN] Compression Tight Pants Base Layer Running Leggings Men Women,DRSKIN,$9.89 - $15.99,FREE Shipping on orders over $35,10
4.4 out of 5 stars,Haggar Men's Cool 18 Hidden Expandable-Waist Pleat-Front Pant,Haggar,$30.88 - $49.88,FREE Shipping on orders over $35,"1,120"
4.4 out of 5 stars,Haggar Men's Cool 18 Gabardine Hidden Expandable-Waist Plain-Front Short,Haggar,$15.00 - $29.99,FREE Shipping on orders over $35,724
4.5 out of 5 stars,Haggar Men's Cool 18 Hidden Expandable Waist Pleat Front Short,Haggar,$12.95 - $29.99,FREE Shipping,708
4.3 out of 5 stars,Haggar Men's Cool 18 Expandable Waist Straight Fit Plain Front Solid Pant,Haggar,$24.99 - $40.14,FREE Shipping on orders over $35,51
4.5 out of 5 stars,Haggar Men's Cool 18 Plaid Hidden Expandable Waist Short,Haggar,$24.99 - $36.99,FREE Shipping on orders over $35,54
4.4 out of 5 stars,Haggar Men's Cool 18 Classic Fit Plain Front Mini Houndstooth Fancy Pant,Haggar,$32.00 - $34.99,FREE Shipping on orders over $35,11
4.5 out of 5 stars,Haggar Men's Cool 18 Yarn Dye Plaid Plain Front Short,Haggar,$24.99 - $32.60,FREE Shipping on orders over $35,22
4.5 out of 5 stars,Haggar Cool 18 Windowpane Flat Front Shorts,Haggar,$24.99 - $32.60,FREE Shipping on orders over $35,14
4.7 out of 5 stars,Haggar Men's Big-Tall Cool 18 Expandable Waist Plain Front Plaid Short,Haggar,$27.99,FREE Shipping on orders over $35,7
4.7 out of 5 stars,Haggar Men's Big-Tall Cool 18 Short,Haggar,$27.99,FREE Shipping on orders over $35,21
4.3 out of 5 stars,Nike Mens Athletic Active Dri-Fit Tee Shirt,Nike,$16.58 - $49.99,FREE Shipping,199
4.5 out of 5 stars,Nike Men's 3 in 1 Web Belt,Nike,$16.99 - $45.99,FREE Shipping,56
4.6 out of 5 stars,Nike Golf Men's FI Impact Golf Shoe,Nike,$52.96 - $169.99,FREE Shipping on orders over $35,202
4.5 out of 5 stars,"Nike Brown with Bronze Flash Lens Charger R Sunglasses, Crystal Military Brown",Nike,$38.99,FREE Shipping on orders over $35,21
4.6 out of 5 stars,Nike Rabid Sunglasses,Nike,$59.95 - $149.90,FREE Shipping on orders over $35,36
4.7 out of 5 stars,Nike Mens Athletic Active Dri-Fit Tee Shirt X-Large Blue,Nike,$21.95,FREE Shipping on orders over $35,3
rating,description,brand,discount_price,shipping_description,review
4.5 out of 5 stars,[DRSKIN] Compression Tight Pants Base Layer Running Leggings Men Women,DRSKIN,$9.89 - $15.99,FREE Shipping on orders over $35,10
4.4 out of 5 stars,Nike Men's Dri-Fit Cotton Cushioned Socks 3 Pair,Nike,$14.98 - $121.60,FREE Shipping on orders over $35,526
4.6 out of 5 stars,Nike Elite Crew Dri-Fit Basketball Sock,Nike,$7.50 - $40.02,FREE Shipping on orders over $35,800
4.7 out of 5 stars,Nike Flat Front Golf Pants 2015,Nike,$49.99 - $194.48,FREE Shipping on orders over $35,75
4.3 out of 5 stars,Nike Tech Swoosh Visor WHITE,Nike,$27.25,FREE Shipping on orders over $35,23
4.5 out of 5 stars,NEW Nike Tech Swoosh Adjustable College Navy Visor,Nike,$29.00,FREE Shipping on orders over $35,13
4.4 out of 5 stars,"Nike Golf Dri-Fit Victory Polo, Game Royal/White",Nike,$27.99 - $71.32,FREE Shipping on orders over $35,229
4.4 out of 5 stars,Nike Golf Dri-Fit Victory Stripe Polo,Nike,$34.53 - $104.11,FREE Shipping,156
4.5 out of 5 stars,Nike Victory Stripe Golf Polo 2015 Volt/Black X-Large 585748702,Nike,$40.00,FREE Shipping on orders over $35,2
rating,description,brand,discount_price,shipping_description,review
4.5 out of 5 stars,[DRSKIN] Compression Tight Pants Base Layer Running Leggings Men Women,DRSKIN,$9.89 - $15.99,FREE Shipping on orders over $35,10
4.4 out of 5 stars,Nike Men's Dri-Fit Cotton Cushioned Socks 3 Pair,Nike,$14.98 - $121.60,FREE Shipping on orders over $35,526
4.6 out of 5 stars,Nike Elite Crew Dri-Fit Basketball Sock,Nike,$7.50 - $40.02,FREE Shipping on orders over $35,800
4.7 out of 5 stars,Nike Flat Front Golf Pants 2015,Nike,$49.99 - $194.48,FREE Shipping on orders over $35,75
4.3 out of 5 stars,Nike Tech Swoosh Visor WHITE,Nike,$27.25,FREE Shipping on orders over $35,23
4.5 out of 5 stars,NEW Nike Tech Swoosh Adjustable College Navy Visor,Nike,$29.00,FREE Shipping on orders over $35,13
4.4 out of 5 stars,"Nike Golf Dri-Fit Victory Polo, Game Royal/White",Nike,$27.99 - $71.32,FREE Shipping on orders over $35,229
4.4 out of 5 stars,Nike Golf Dri-Fit Victory Stripe Polo,Nike,$34.53 - $104.11,FREE Shipping,156
4.5 out of 5 stars,Nike Victory Stripe Golf Polo 2015 Volt/Black X-Large 585748702,Nike,$40.00,FREE Shipping on orders over $35,2
4.4 out of 5 stars,Haggar Men's Cool 18 Hidden Expandable-Waist Pleat-Front Pant,Haggar,$30.88 - $49.88,FREE Shipping on orders over $35,"1,120"
4.4 out of 5 stars,Haggar Men's Cool 18 Gabardine Hidden Expandable-Waist Plain-Front Short,Haggar,$15.00 - $29.99,FREE Shipping on orders over $35,724
4.5 out of 5 stars,Haggar Men's Cool 18 Hidden Expandable Waist Pleat Front Short,Haggar,$12.95 - $29.99,FREE Shipping,708
4.3 out of 5 stars,Haggar Men's Cool 18 Expandable Waist Straight Fit Plain Front Solid Pant,Haggar,$24.99 - $40.14,FREE Shipping on orders over $35,51
4.5 out of 5 stars,Haggar Men's Cool 18 Plaid Hidden Expandable Waist Short,Haggar,$24.99 - $36.99,FREE Shipping on orders over $35,54
4.4 out of 5 stars,Haggar Men's Cool 18 Classic Fit Plain Front Mini Houndstooth Fancy Pant,Haggar,$32.00 - $34.99,FREE Shipping on orders over $35,11
4.5 out of 5 stars,Haggar Men's Cool 18 Yarn Dye Plaid Plain Front Short,Haggar,$24.99 - $32.60,FREE Shipping on orders over $35,22
4.5 out of 5 stars,Haggar Cool 18 Windowpane Flat Front Shorts,Haggar,$24.99 - $32.60,FREE Shipping on orders over $35,14
4.7 out of 5 stars,Haggar Men's Big-Tall Cool 18 Expandable Waist Plain Front Plaid Short,Haggar,$27.99,FREE Shipping on orders over $35,7
4.7 out of 5 stars,Haggar Men's Big-Tall Cool 18 Short,Haggar,$27.99,FREE Shipping on orders over $35,21
4.6 out of 5 stars,Nike Tech Blank Cap,Nike,$46.71,FREE Shipping,66
4.5 out of 5 stars,Nike Golf Women's Big Bill Visor 639626,Nike,$44.83,FREE Shipping,21
4.4 out of 5 stars,Nike Run X2 S Ev0800 Sunglasses,Nike,$126.16,FREE Shipping,14
4.6 out of 5 stars,2015 Nike Women's Golf Cap,Nike,$55.99,FREE Shipping,11
4.7 out of 5 stars,Nike Flat Front Golf Pants 2015,Nike,$52.98 - $81.99,FREE Shipping on orders over $35,75
4.4 out of 5 stars,"Nike Golf Dri-Fit Victory Polo, Game Royal/White",Nike,$29.27 - $49.99,FREE Shipping on orders over $35,229
4.4 out of 5 stars,Nike Golf Dri-Fit Victory Stripe Polo,Nike,$39.51 - $99.00,FREE Shipping on orders over $35,156
4.6 out of 5 stars,Nike Golf Mens Medium Dri-Fit Athletic Performance Polo Shirt,Nike,$42.98 - $59.99,FREE Shipping on orders over $35,31
4.4 out of 5 stars,Nike Run X2 S Ev0800 Sunglasses,Nike,$87.48 - $156.16,FREE Shipping on orders over $35,14
4.4 out of 5 stars,Nike Run X2 S Ev0800 Sunglasses,Nike,$87.48 - $156.16,FREE Shipping on orders over $35,14
4.7 out of 5 stars,Nike Flat Front Golf Pants 2015,Nike,$49.99 - $194.48,FREE Shipping on orders over $35,75
4.4 out of 5 stars,"Nike Golf Dri-Fit Victory Polo, Game Royal/White",Nike,$27.99 - $71.32,FREE Shipping on orders over $35,229
4.4 out of 5 stars,Nike Golf Dri-Fit Victory Stripe Polo,Nike,$34.53 - $104.11,FREE Shipping on orders over $35,156
4.6 out of 5 stars,Nike Golf Mens Medium Dri-Fit Athletic Performance Polo Shirt,Nike,$34.97 - $111.53,FREE Shipping on orders over $35,31
4.7 out of 5 stars,Nike Flat Front Golf Pants 2015,Nike,$49.99 - $194.48,FREE Shipping on orders over $35,75
4.4 out of 5 stars,"Nike Golf Dri-Fit Victory Polo, Game Royal/White",Nike,$27.99 - $71.32,FREE Shipping on orders over $35,229
4.4 out of 5 stars,Nike Golf Dri-Fit Victory Stripe Polo,Nike,$34.53 - $104.11,FREE Shipping on orders over $35,156
4.6 out of 5 stars,Nike Golf Mens Medium Dri-Fit Athletic Performance Polo Shirt,Nike,$34.97 - $111.53,FREE Shipping on orders over $35,31
4.7 out of 5 stars,Nike Flat Front Golf Pants 2015,Nike,$49.99 - $194.48,FREE Shipping on orders over $35,75
4.4 out of 5 stars,"Nike Golf Dri-Fit Victory Polo, Game Royal/White",Nike,$27.99 - $71.32,FREE Shipping on orders over $35,229
4.4 out of 5 stars,Nike Golf Dri-Fit Victory Stripe Polo,Nike,$34.53 - $104.11,FREE Shipping on orders over $35,156
4.6 out of 5 stars,Nike Golf Mens Medium Dri-Fit Athletic Performance Polo Shirt,Nike,$34.97 - $111.53,FREE Shipping on orders over $35,31
4.7 out of 5 stars,Nike Flat Front Golf Pants 2015,Nike,$49.99 - $194.48,FREE Shipping on orders over $35,75
4.4 out of 5 stars,"Nike Golf Dri-Fit Victory Polo, Game Royal/White",Nike,$27.99 - $71.32,FREE Shipping on orders over $35,229
4.4 out of 5 stars,Nike Golf Dri-Fit Victory Stripe Polo,Nike,$34.53 - $104.11,FREE Shipping,156
4.6 out of 5 stars,Nike Golf Mens Medium Dri-Fit Athletic Performance Polo Shirt,Nike,$34.97 - $111.53,FREE Shipping on orders over $35,31
4.7 out of 5 stars,Nike Flat Front Golf Pants 2015,Nike,$49.99 - $194.48,FREE Shipping on orders over $35,75
4.4 out of 5 stars,"Nike Golf Dri-Fit Victory Polo, Game Royal/White",Nike,$27.99 - $71.32,FREE Shipping on orders over $35,229
4.4 out of 5 stars,Nike Golf Dri-Fit Victory Stripe Polo,Nike,$34.53 - $104.11,FREE Shipping on orders over $35,156
4.6 out of 5 stars,Nike Golf Mens Medium Dri-Fit Athletic Performance Polo Shirt,Nike,$34.97 - $111.53,FREE Shipping on orders over $35,31
4.7 out of 5 stars,Nike Flat Front Golf Pants 2015,Nike,$49.99 - $194.48,FREE Shipping on orders over $35,75
4.3 out of 5 stars,Nike Tech Swoosh Visor WHITE,Nike,$27.25,FREE Shipping on orders over $35,23
4.5 out of 5 stars,NEW Nike Tech Swoosh Adjustable College Navy Visor,Nike,$29.00,FREE Shipping on orders over $35,13
4.4 out of 5 stars,"Nike Golf Dri-Fit Victory Polo, Game Royal/White",Nike,$27.99 - $71.32,FREE Shipping on orders over $35,229
4.4 out of 5 stars,Nike Run X2 S Ev0800 Sunglasses,Nike,$87.48 - $156.16,FREE Shipping on orders over $35,14
4.4 out of 5 stars,Nike Golf Dri-Fit Victory Stripe Polo,Nike,$34.53 - $104.11,FREE Shipping on orders over $35,156
4.7 out of 5 stars,Nike Flat Front Golf Pants 2015,Nike,$49.99 - $194.48,FREE Shipping on orders over $35,75
4.4 out of 5 stars,"Nike Golf Dri-Fit Victory Polo, Game Royal/White",Nike,$27.99 - $71.32,FREE Shipping on orders over $35,229
4.4 out of 5 stars,Nike Golf Dri-Fit Victory Stripe Polo,Nike,$34.53 - $104.11,FREE Shipping on orders over $35,156
4.6 out of 5 stars,Nike Golf Mens Medium Dri-Fit Athletic Performance Polo Shirt,Nike,$34.97 - $111.53,FREE Shipping on orders over $35,31
4.7 out of 5 stars,Nike Flat Front Golf Pants 2015,Nike,$49.99 - $194.48,FREE Shipping on orders over $35,75
4.4 out of 5 stars,"Nike Golf Dri-Fit Victory Polo, Game Royal/White",Nike,$27.99 - $71.32,FREE Shipping on orders over $35,229
4.4 out of 5 stars,Nike Golf Dri-Fit Victory Stripe Polo,Nike,$34.53 - $104.11,FREE Shipping on orders over $35,156
4.6 out of 5 stars,Nike Golf Mens Medium Dri-Fit Athletic Performance Polo Shirt,Nike,$34.97 - $111.53,FREE Shipping on orders over $35,31
4.7 out of 5 stars,Nike Flat Front Golf Pants 2015,Nike,$49.99 - $194.48,FREE Shipping on orders over $35,75
4.4 out of 5 stars,"Nike Golf Dri-Fit Victory Polo, Game Royal/White",Nike,$27.99 - $71.32,FREE Shipping on orders over $35,229
4.4 out of 5 stars,Nike Golf Dri-Fit Victory Stripe Polo,Nike,$34.53 - $104.11,FREE Shipping on orders over $35,156
4.6 out of 5 stars,Nike Golf Mens Medium Dri-Fit Athletic Performance Polo Shirt,Nike,$34.97 - $111.53,FREE Shipping on orders over $35,31
4.7 out of 5 stars,Nike Flat Front Golf Pants 2015,Nike,$49.99 - $194.48,FREE Shipping on orders over $35,75
4.4 out of 5 stars,"Nike Golf Dri-Fit Victory Polo, Game Royal/White",Nike,$27.99 - $71.32,FREE Shipping on orders over $35,229
4.4 out of 5 stars,Nike Golf Dri-Fit Victory Stripe Polo,Nike,$34.53 - $104.11,FREE Shipping,156
4.6 out of 5 stars,Nike Golf Mens Medium Dri-Fit Athletic Performance Polo Shirt,Nike,$34.97 - $111.53,FREE Shipping on orders over $35,31
4.7 out of 5 stars,Nike Flat Front Golf Pants 2015,Nike,$49.99 - $194.48,FREE Shipping on orders over $35,75
4.4 out of 5 stars,"Nike Golf Dri-Fit Victory Polo, Game Royal/White",Nike,$27.99 - $71.32,FREE Shipping on orders over $35,229
4.4 out of 5 stars,Nike Golf Dri-Fit Victory Stripe Polo,Nike,$34.53 - $104.11,FREE Shipping on orders over $35,156
4.6 out of 5 stars,Nike Golf Mens Medium Dri-Fit Athletic Performance Polo Shirt,Nike,$34.97 - $111.53,FREE Shipping on orders over $35,31
4.7 out of 5 stars,Nike Flat Front Golf Pants 2015,Nike,$49.99 - $194.48,FREE Shipping on orders over $35,75
4.4 out of 5 stars,"Nike Golf Dri-Fit Victory Polo, Game Royal/White",Nike,$27.99 - $71.32,FREE Shipping on orders over $35,229
4.4 out of 5 stars,Nike Golf Dri-Fit Victory Stripe Polo,Nike,$34.53 - $104.11,FREE Shipping on orders over $35,156
4.6 out of 5 stars,Nike Golf Mens Medium Dri-Fit Athletic Performance Polo Shirt,Nike,$34.97 - $111.53,FREE Shipping on orders over $35,31
4.3 out of 5 stars,Nike Tech Swoosh Visor WHITE,Nike,$27.25,FREE Shipping on orders over $35,23
4.5 out of 5 stars,NEW Nike Tech Swoosh Adjustable College Navy Visor,Nike,$29.00,FREE Shipping on orders over $35,13
4.7 out of 5 stars,Nike Flat Front Golf Pants 2015,Nike,$49.99 - $194.48,FREE Shipping on orders over $35,75
4.3 out of 5 stars,Nike Tech Swoosh Visor WHITE,Nike,$27.25,FREE Shipping on orders over $35,23
4.5 out of 5 stars,NEW Nike Tech Swoosh Adjustable College Navy Visor,Nike,$29.00,FREE Shipping on orders over $35,13
4.4 out of 5 stars,"Nike Golf Dri-Fit Victory Polo, Game Royal/White",Nike,$27.99 - $71.32,FREE Shipping on orders over $35,229
4.4 out of 5 stars,Nike Golf Dri-Fit Victory Stripe Polo,Nike,$34.53 - $104.11,FREE Shipping on orders over $35,156
4.7 out of 5 stars,Nike Flat Front Golf Pants 2015,Nike,$49.99 - $194.48,FREE Shipping on orders over $35,75
4.4 out of 5 stars,"Nike Golf Dri-Fit Victory Polo, Game Royal/White",Nike,$27.99 - $71.32,FREE Shipping on orders over $35,229
4.7 out of 5 stars,Nike Flat Front Golf Pants 2015,Nike,$49.99 - $194.48,FREE Shipping on orders over $35,75
4.4 out of 5 stars,Nike Golf Dri-Fit Victory Stripe Polo,Nike,$34.53 - $104.11,FREE Shipping on orders over $35,156
4.4 out of 5 stars,"Nike Golf Dri-Fit Victory Polo, Game Royal/White",Nike,$27.99 - $71.32,FREE Shipping on orders over $35,229
4.4 out of 5 stars,Nike Golf Dri-Fit Victory Stripe Polo,Nike,$34.53 - $104.11,FREE Shipping on orders over $35,156
4.6 out of 5 stars,Nike Golf Mens Medium Dri-Fit Athletic Performance Polo Shirt,Nike,$34.97 - $111.53,FREE Shipping on orders over $35,31
4.6 out of 5 stars,Nike Golf Mens Medium Dri-Fit Athletic Performance Polo Shirt,Nike,$34.97 - $111.53,FREE Shipping on orders over $35,31
4.7 out of 5 stars,Nike Flat Front Golf Pants 2015,Nike,$49.99 - $194.48,FREE Shipping on orders over $35,75
4.4 out of 5 stars,"Nike Golf Dri-Fit Victory Polo, Game Royal/White",Nike,$27.99 - $71.32,FREE Shipping on orders over $35,229
4.4 out of 5 stars,Nike Golf Dri-Fit Victory Stripe Polo,Nike,$34.53 - $104.11,FREE Shipping on orders over $35,156
4.6 out of 5 stars,Nike Golf Mens Medium Dri-Fit Athletic Performance Polo Shirt,Nike,$34.97 - $111.53,FREE Shipping on orders over $35,31
4.6 out of 5 stars,Nike Golf Mens Medium Dri-Fit Athletic Performance Polo Shirt,Nike,$34.97 - $111.53,FREE Shipping,31
4.7 out of 5 stars,Nike Minx Sunglasses,Nike,$49.95 - $167.92,FREE Shipping on orders over $35,28
4.5 out of 5 stars,Nike Men's 3 in 1 Web Belt,Nike,$16.99 - $45.99,FREE Shipping,56
4.5 out of 5 stars,Nike Golf Dri-Fit Victory Polo,Nike,$34.99 - $70.09,FREE Shipping,80
4.5 out of 5 stars,"Nike Brown with Bronze Flash Lens Charger R Sunglasses, Crystal Military Brown",Nike,$38.99,FREE Shipping on orders over $35,21
4.5 out of 5 stars,Nike Men's 3-In-1 Web Pack Belts,Nike,$21.95 - $40.88,FREE Shipping on orders over $35,2
4.6 out of 5 stars,Nike Rabid Sunglasses,Nike,$59.95 - $149.90,FREE Shipping on orders over $35,36
4.7 out of 5 stars,Nike Golf Men's Flat Front Short,Nike,$33.99 - $89.99,FREE Shipping on orders over $35,67
4.7 out of 5 stars,Nike Flat Front Golf Pants 2015,Nike,$49.99 - $194.48,FREE Shipping on orders over $35,75
4.4 out of 5 stars,"Nike Golf Dri-Fit Victory Polo, Game Royal/White",Nike,$27.99 - $71.32,FREE Shipping on orders over $35,229
4.4 out of 5 stars,Nike Golf Dri-Fit Victory Stripe Polo,Nike,$34.53 - $104.11,FREE Shipping on orders over $35,156
4.6 out of 5 stars,Nike Golf Mens Medium Dri-Fit Athletic Performance Polo Shirt,Nike,$34.97 - $111.53,FREE Shipping on orders over $35,31
4.7 out of 5 stars,Nike Flat Front Golf Pants 2015,Nike,$49.99 - $194.48,FREE Shipping on orders over $35,75
4.4 out of 5 stars,"Nike Golf Dri-Fit Victory Polo, Game Royal/White",Nike,$27.99 - $71.32,FREE Shipping on orders over $35,229
4.4 out of 5 stars,Nike Golf Dri-Fit Victory Stripe Polo,Nike,$34.53 - $104.11,FREE Shipping,156
4.6 out of 5 stars,Nike Golf Mens Medium Dri-Fit Athletic Performance Polo Shirt,Nike,$34.97 - $111.53,FREE Shipping on orders over $35,31
4.7 out of 5 stars,Nike Flat Front Golf Pants 2015,Nike,$49.99 - $194.48,FREE Shipping on orders over $35,75
4.4 out of 5 stars,"Nike Golf Dri-Fit Victory Polo, Game Royal/White",Nike,$27.99 - $71.32,FREE Shipping on orders over $35,229
4.4 out of 5 stars,Nike Golf Dri-Fit Victory Stripe Polo,Nike,$34.53 - $104.11,FREE Shipping on orders over $35,156
rating,description,brand,discount_price,shipping_description,review
4.5 out of 5 stars,[DRSKIN] Compression Tight Pants Base Layer Running Leggings Men Women,DRSKIN,$9.89 - $15.99,FREE Shipping on orders over $35,10
4.4 out of 5 stars,Nike Men's Dri-Fit Cotton Cushioned Socks 3 Pair,Nike,$14.98 - $121.60,FREE Shipping on orders over $35,526
4.6 out of 5 stars,Nike Elite Crew Dri-Fit Basketball Sock,Nike,$7.50 - $40.02,FREE Shipping on orders over $35,800
empty,Nike Men's Legend Dri Fit Poly Shirt,Nike,$10.99 - $57.53,FREE Shipping on orders over $35,357
4.7 out of 5 stars,Nike Flat Front Golf Pants 2015,Nike,$49.99 - $194.48,FREE Shipping on orders over $35,75
empty,Nike Tech Swoosh Visor BLACK,Nike,$27.25,FREE Shipping on orders over $35,40
4.3 out of 5 stars,Nike Tech Swoosh Visor WHITE,Nike,$27.25,FREE Shipping on orders over $35,23
empty,Nike Tech Swoosh Visor UNIVERSITY RED,Nike,$27.25,FREE Shipping on orders over $35,13
4.5 out of 5 stars,NEW Nike Tech Swoosh Adjustable College Navy Visor,Nike,$29.00,FREE Shipping on orders over $35,13
4.4 out of 5 stars,"Nike Golf Dri-Fit Victory Polo, Game Royal/White",Nike,$27.99 - $71.32,FREE Shipping on orders over $35,229
empty,Nike Golf Men's Victory Polo UNIVERSITY BLUE/WHITE S,Nike,$37.99,FREE Shipping,empty
empty,Nike Golf Therma-FIT Cover-Up,Nike,$48.90 - $84.88,FREE Shipping on orders over $35,14
empty,Nike Golf Tech Swoosh Cap - Variety Of Colors Available,Nike,$19.00 - $26.00,FREE Shipping on orders over $35,29
empty,Nike Golf Victory Stripe Polo Green Strike/White M,Nike,$34.64,FREE Shipping on orders over $35,empty
4.4 out of 5 stars,Nike Golf Dri-Fit Victory Stripe Polo,Nike,$34.53 - $104.11,FREE Shipping,156
4.5 out of 5 stars,Nike Victory Stripe Golf Polo 2015 Volt/Black X-Large 585748702,Nike,$40.00,FREE Shipping on orders over $35,2
empty,Nike Golf Victory Stripe Polo Classic Green/White M,Nike,$42.99,FREE Shipping,empty
empty,Nike Golf Victory Stripe Polo Vivid Pink/White XL,Nike,$38.08,FREE Shipping on orders over $35,empty
empty,Nike Victory Stripe Golf Polo 2015 Volt/Black Large 585748702,Nike,$40.00,FREE Shipping on orders over $35,empty
empty,Nike Golf Victory Stripe Polo Bright Ceramic/White XL,Nike,$40.94,FREE Shipping on orders over $35,empty
empty,Dritz Heavy Duty Snap Fastener Plier Kit,Dritz,$11.75,FREE Shipping on orders over $35,208
empty,Dritz Sweater Stone Clothing Care,Dritz Clothing Care,$5.32,FREE Shipping on orders over $35,435
4.7 out of 5 stars,"Dritz 618 Snag Nab-It Tool, 2-1/2-Inch",Dritz,$4.39,FREE Shipping on orders over $35,91
4.5 out of 5 stars,Dritz Quilting 14-in-1 Measuring Gauge,Dritz,$2.09,FREE Shipping on orders over $35,49
empty,Dritz Petite Press Portable Mini Iron,Dritz,$30.75,FREE Shipping,161
4.5 out of 5 stars,Dritz Ezy- Hem Gauge,Dritz,$10.19,FREE Shipping on orders over $35,84
empty,Dritz Crafters Comfort Glove-Medium,Dritz,$10.19,FREE Shipping on orders over $35,505
4.5 out of 5 stars,Dritz Magnetic Seam Guide,Dritz,$2.99,FREE Shipping on orders over $35,191
empty,Dritz(R) Heavy Duty Mighty Snap - Black,Dritz,$6.35,FREE Shipping on orders over $35,52
4.4 out of 5 stars,"Dritz 674 Fray Check Liquid Seam Sealant, 0.75-Ounce",Dritz,$4.99,FREE Shipping on orders over $35,96
empty,Dritz(R) 12 Snap Fasteners,Dritz,$4.96,FREE Shipping on orders over $35,17
4.7 out of 5 stars,"Dritz 1674 Fray Check Liquid Seam Sealant, 0.75-Ounce, 2-Pack",Dritz,$6.61,FREE Shipping on orders over $35,140
empty,"Dritz Sew You Dress Form, Small",Dritz,$99.00,FREE Shipping on orders over $35,465
4.4 out of 5 stars,Dritz Styling Design Ruler,Dritz,$13.30,FREE Shipping on orders over $35,161
empty,Dritz Smooth Tracing Wheel,Dritz,$4.67,FREE Shipping on orders over $35,3
4.7 out of 5 stars,"Dritz Quilting Basting Gun Tacks, 500-Count",Dritz,$7.67,FREE Shipping on orders over $35,7
empty,"Dritz Snap Fastener Attacher Kit - ""Easy Attacher""",Dritz,$6.19,FREE Shipping on orders over $35,70
empty,"Dritz 120-Piece Long Pearlized Pins, 1-1/2-Inch",Dritz,$4.99,FREE Shipping on orders over $35,8
4.6 out of 5 stars,Dritz(R) Jean-A-Ma-Jig,Prym Dritz,$6.79,FREE Shipping on orders over $35,85
empty,Dritz Quick Turn,Dritz,$8.31,FREE Shipping on orders over $35,59
empty,Dritz Machine Needle Inserter and Threader,Dritz,$5.99,FREE Shipping on orders over $35,170
4.3 out of 5 stars,Dritz(R) Heavy Duty Mighty Snap - Brass,Dritz,$4.19,FREE Shipping on orders over $35,35
empty,"Dritz 222 5/8-Inch by 20-Yard Stitch Witchery, Regular",Dritz,$2.39,FREE Shipping on orders over $35,306
empty,Nike Golf Women's Dri-Fit Stay Cool Polka Dot Standard Fit Polo Shirt,Nike,$33.24,FREE Shipping on orders over $35,empty
4.6 out of 5 stars,Dritz Heavy Duty Snap Tools,Dritz,$3.99,FREE Shipping on orders over $35,25
empty,Nike Golf Women's Dri-Fit Stay Cool Tour Performance Capri Golf Slacks,Nike,$40.54 - $55.00,FREE Shipping,empty
empty,Nike Women's Dri-Fit Tour Performance Embossed Golf Polo Shirt,Nike,$49.95,FREE Shipping on orders over $35,empty
empty,Nike Women's Dri-Fit Golf Polo Shirt,Nike,$24.95,FREE Shipping,1
empty,Nike Golf Women's Dri-Fit Stay Cool Golf Dress With Compression Shorts,Nike,$74.95,FREE Shipping,empty
empty,Nike Women's Half Zip Wool Golf Jacket,Nike,$59.99 - $62.19,FREE Shipping on orders over $35,1
empty,Nike Women's Dri-Fit Golf Sport Button Down Polo Shirt,Nike,$32.74,FREE Shipping on orders over $35,empty
empty,Nike TW Air Flow Jacqard Golf Polo 2015,Nike,$64.95,FREE Shipping on orders over $35,empty
empty,Nike Women's Tour Performance Full Zip Hooded Golf Vest,Nike,$57.82,FREE Shipping on orders over $35,empty
empty,Nike Women's Full Zip Hooded Golf Jacket,Nike,$49.95,FREE Shipping,empty
empty,Nike Golf Women's Dri-Fit Tour Premium Golfing Skirt With Compression Short,Nike,$49.95,FREE Shipping,empty
empty,Nike Women's Tour Performance Standard Fit Golf Polo Shirt,Nike,$34.95,FREE Shipping,empty
empty,Nike Golf Women's Dri-Fit Tour Premium Reversable Skort,Nike,$74.95,FREE Shipping,empty
rating,description,brand,discount_price,shipping_description,review
4.5 out of 5 stars,[DRSKIN] Compression Tight Pants Base Layer Running Leggings Men Women,DRSKIN,$9.89 - $15.99,FREE Shipping on orders over $35,10
4.4 out of 5 stars,Haggar Men's Cool 18 Hidden Expandable-Waist Pleat-Front Pant,Haggar,$30.88 - $49.88,FREE Shipping on orders over $35,"1,121"
4.4 out of 5 stars,Haggar Men's Cool 18 Gabardine Hidden Expandable-Waist Plain-Front Short,Haggar,$15.00 - $29.99,FREE Shipping on orders over $35,724
4.5 out of 5 stars,Haggar Men's Cool 18 Hidden Expandable Waist Pleat Front Short,Haggar,$12.95 - $29.99,FREE Shipping on orders over $35,708
empty,Haggar Men's Big-Tall Cool 18 Hidden Expandable Waist Pleat Front Pant,Haggar,$28.89 - $60.34,FREE Shipping on orders over $35,282
empty,Haggar Men's Big-Tall Cool 18 Gabardine Hidden Expandable Waist Pleat Short,Haggar,$22.07 - $33.36,FREE Shipping on orders over $35,184
empty,Haggar Men's Big-Tall Cool 18 Gabardine Hidden Expandable Waist Plain Short,Haggar,$25.66 - $33.36,FREE Shipping on orders over $35,116
4.3 out of 5 stars,Haggar Men's Cool 18 Expandable Waist Straight Fit Plain Front Solid Pant,Haggar,$24.99 - $40.14,FREE Shipping on orders over $35,51
4.5 out of 5 stars,Haggar Men's Cool 18 Plaid Hidden Expandable Waist Short,Haggar,$24.99 - $36.99,FREE Shipping on orders over $35,54
empty,Haggar Men's C18 Broken Glen Plaid Straight Fit Flat Front Pant,Haggar,$42.03 - $44.99,FREE Shipping on orders over $35,17
empty,Haggar Men's Cool 18 Straight Fit Gabardine Plain Front Casual Pant,Haggar,$20.56 - $38.63,FREE Shipping on orders over $35,50
4.4 out of 5 stars,Haggar Men's Cool 18 Classic Fit Plain Front Mini Houndstooth Fancy Pant,Haggar,$32.00 - $34.99,FREE Shipping on orders over $35,11
4.5 out of 5 stars,Haggar Men's Cool 18 Yarn Dye Plaid Plain Front Short,Haggar,$24.99 - $32.60,FREE Shipping on orders over $35,22
4.5 out of 5 stars,Haggar Cool 18 Windowpane Flat Front Shorts,Haggar,$24.99 - $32.60,FREE Shipping on orders over $35,14
4.7 out of 5 stars,Haggar Men's Big-Tall Cool 18 Expandable Waist Plain Front Plaid Short,Haggar,$27.99,FREE Shipping on orders over $35,7
empty,"Haggar Men's Cool 18 Expandable Waist Plain Front Plaid Fancy Short, White",Haggar,$26.99,FREE Shipping on orders over $35,15
empty,"Haggar Men's Cool 18 Expandable Waist Plain Front Medium Plaid Fancy Short, Silver",Haggar,$26.55 - $26.99,FREE Shipping on orders over $35,7
empty,Haggar Men's Cool 18 Expandable Waist Straight Fit Plain Front  Check Pant,Haggar,$34.99,FREE Shipping on orders over $35,1
empty,Haggar Men's Plain-Front Active-Motion Performance Short,Haggar,$23.99 - $33.73,FREE Shipping on orders over $35,27
empty,Haggar Men's Cool 18 Plain-Front Neutral Tonal-Plaid Performance Short,Haggar,$14.28 - $44.95,FREE Shipping on orders over $35,9
empty,Haggar Men's Big-Tall Cool 18 Expandable Waist Plaid Windowpane Short,Haggar,$27.99,FREE Shipping on orders over $35,1
4.7 out of 5 stars,Haggar Men's Big-Tall Cool 18 Short,Haggar,$27.99,FREE Shipping on orders over $35,21
empty,Haggar Men's Cool 18 Straight Fit Plain Front Mini Houndstooth Pant,Haggar,$34.99 - $40.14,FREE Shipping on orders over $35,4
empty,Haggar Men's C18 Windowpane Plaid Short,Haggar,$32.99,FREE Shipping on orders over $35,1
empty,Haggar Men's Cool 18 Expandable-Waist Plain-Front Short,Haggar,$26.99,FREE Shipping on orders over $35,5
rating,description,brand,discount_price,shipping_description,review
4.4 out of 5 stars,Nike Men's Dri-Fit Cotton Cushioned Socks 3 Pair,Nike,$14.98 - $121.60,FREE Shipping on orders over $35,526
4.6 out of 5 stars,Nike Elite Crew Dri-Fit Basketball Sock,Nike,$7.50 - $40.02,FREE Shipping on orders over $35,800
empty,Nike Men's Legend Dri Fit Poly Shirt,Nike,$10.99 - $57.53,FREE Shipping on orders over $35,357
4.7 out of 5 stars,Nike Flat Front Golf Pants 2015,Nike,$49.99 - $194.48,FREE Shipping on orders over $35,75
empty,Nike Tech Swoosh Visor BLACK,Nike,$27.25,FREE Shipping on orders over $35,40
4.3 out of 5 stars,Nike Tech Swoosh Visor WHITE,Nike,$27.25,FREE Shipping on orders over $35,23
empty,Nike Tech Swoosh Visor UNIVERSITY RED,Nike,$27.25,FREE Shipping on orders over $35,13
4.5 out of 5 stars,NEW Nike Tech Swoosh Adjustable College Navy Visor,Nike,$29.00,FREE Shipping on orders over $35,13
4.4 out of 5 stars,"Nike Golf Dri-Fit Victory Polo, Game Royal/White",Nike,$27.99 - $71.32,FREE Shipping on orders over $35,229
empty,Nike Golf Men's Victory Polo UNIVERSITY BLUE/WHITE S,Nike,$37.99,FREE Shipping,empty
empty,Nike Golf Therma-FIT Cover-Up,Nike,$48.90 - $84.88,FREE Shipping on orders over $35,14
empty,Nike Golf Tech Swoosh Cap - Variety Of Colors Available,Nike,$19.00 - $26.00,FREE Shipping on orders over $35,29
empty,Nike Golf Victory Stripe Polo Green Strike/White M,Nike,$34.64,FREE Shipping on orders over $35,empty
4.4 out of 5 stars,Nike Golf Dri-Fit Victory Stripe Polo,Nike,$34.53 - $104.11,FREE Shipping,156
4.5 out of 5 stars,Nike Victory Stripe Golf Polo 2015 Volt/Black X-Large 585748702,Nike,$40.00,FREE Shipping on orders over $35,2
4.5 out of 5 stars,[DRSKIN] Compression Tight Pants Base Layer Running Leggings Men Women,DRSKIN,$9.89 - $15.99,FREE Shipping on orders over $35,10
empty,Nike Golf Victory Stripe Polo Classic Green/White M,Nike,$42.99,FREE Shipping,empty
empty,Nike Golf Victory Stripe Polo Vivid Pink/White XL,Nike,$37.98,FREE Shipping on orders over $35,empty
empty,Nike Victory Stripe Golf Polo 2015 Volt/Black Large 585748702,Nike,$40.00,FREE Shipping on orders over $35,empty
empty,Nike Golf Victory Stripe Polo Bright Ceramic/White XL,Nike,$40.94,FREE Shipping on orders over $35,empty
rating,description,brand,discount_price,shipping_description,review
4.5 out of 5 stars,Haggar Men's Cool 18 Hidden Expandable-Waist Pleat-Front Pant,Haggar,$27.99 - $49.88,FREE Shipping on orders over $35,"1,131"
4.4 out of 5 stars,Haggar Men's Cool 18 Gabardine Hidden Expandable-Waist Plain-Front Short,Haggar,$15.00 - $29.99,FREE Shipping on orders over $35,725
4.5 out of 5 stars,Haggar Men's Cool 18 Hidden Expandable Waist Pleat Front Short,Haggar,$12.95 - $29.99,FREE Shipping,710
None,Haggar Men's Big-Tall Cool 18 Hidden Expandable Waist Pleat Front Pant,Haggar,$28.89 - $60.34,FREE Shipping on orders over $35,282
None,Haggar Men's Big-Tall Cool 18 Gabardine Hidden Expandable Waist Plain Short,Haggar,$25.66 - $33.36,FREE Shipping on orders over $35,119
None,Haggar Men's Big-Tall Cool 18 Gabardine Hidden Expandable Waist Pleat Short,Haggar,$22.07 - $33.36,FREE Shipping,185
4.3 out of 5 stars,Haggar Men's Cool 18 Expandable Waist Straight Fit Plain Front Solid Pant,Haggar,$34.99 - $40.14,FREE Shipping on orders over $35,51
4.5 out of 5 stars,Haggar Men's Cool 18 Plaid Hidden Expandable Waist Short,Haggar,$24.99 - $36.99,FREE Shipping on orders over $35,54
None,Haggar Men's C18 Broken Glen Plaid Straight Fit Flat Front Pant,Haggar,$42.03 - $44.99,FREE Shipping on orders over $35,17
None,Haggar Men's Cool 18 Expandable Waist Straight Fit Plain Front  Check Pant,Haggar,$27.99 - $40.14,FREE Shipping on orders over $35,1
4.5 out of 5 stars,Haggar Men's Cool 18 Classic Fit Plain Front Mini Houndstooth Fancy Pant,Haggar,$27.99 - $40.14,FREE Shipping on orders over $35,12
None,Haggar Men's Cool 18 Straight Fit Gabardine Plain Front Casual Pant,Haggar,$17.01 - $38.63,FREE Shipping on orders over $35,50
4.7 out of 5 stars,Haggar Men's Big-Tall Cool 18 Short,Haggar,$27.99,FREE Shipping on orders over $35,21
None,Haggar Men's Cool 18 Expandable-Waist Plain-Front Short,Haggar,$26.99,FREE Shipping on orders over $35,5
4.5 out of 5 stars,Haggar Men's Cool 18 Yarn Dye Plaid Plain Front Short,Haggar,$24.99 - $32.60,FREE Shipping on orders over $35,22
None,Haggar Men's Cool 18 Plain-Front Neutral Tonal-Plaid Performance Short,Haggar,$14.31 - $44.95,FREE Shipping on orders over $35,9
None,Haggar Men's C18 Windowpane Plaid Short,Haggar,$32.99,FREE Shipping on orders over $35,1
4.3 out of 5 stars,Haggar Men's Cool 18 Expandable Waist Plain Front Plaid Short,Haggar,$26.99 - $32.60,FREE Shipping on orders over $35,20
4.5 out of 5 stars,"Haggar Men's Cool 18 Graphic Windowpane Plain Front Short, Gray",Haggar,$24.99 - $29.38,FREE Shipping on orders over $35,14
None,Haggar Men's Plain-Front Active-Motion Performance Short,Haggar,$23.99 - $33.73,FREE Shipping on orders over $35,27
None,"Haggar Men's Cool 18 Expandable Waist Plain Front Medium Plaid Fancy Short, Silver",Haggar,$26.99,FREE Shipping on orders over $35,7
None,Haggar Men's Big-Tall Cool 18 Expandable Waist Plaid Windowpane Short,Haggar,$27.99,FREE Shipping on orders over $35,1
None,Haggar Men's Cool 18 Straight Fit Plain Front Mini Houndstooth Pant,Haggar,$25.48 - $40.14,FREE Shipping on orders over $35,4
